期數,開獎日期,號碼1,號碼2,號碼3,號碼4,號碼5
115000056,2026-03-03,2,19,21,32,35
115000055,2026-03-02,3,12,20,21,27
115000054,2026-03-01,2,8,15,29,31
115000053,2026-02-28,27,4,26,2,13
115000052,2026-02-27,22,39,1,37,23
115000051,2026-02-26,39,6,3,9,31
115000050,2026-02-25,28,35,22,36,5
115000049,2026-02-24,32,23,16,25,36
115000048,2026-02-23,3,36,10,12,27
115000047,2026-02-22,13,16,8,24,25
115000046,2026-02-21,8,20,1,25,19
115000045,2026-02-20,23,27,22,11,4
115000044,2026-02-19,15,19,25,8,27
115000043,2026-02-18,12,10,8,33,32
115000042,2026-02-17,21,8,11,6,20
115000041,2026-02-16,34,18,5,15,7
115000040,2026-02-15,22,13,18,11,34
115000039,2026-02-14,3,36,13,31,1
115000038,2026-02-13,31,34,4,28,33
115000037,2026-02-12,12,1,35,37,21
115000036,2026-02-11,29,33,11,15,18
115000035,2026-02-10,36,11,17,10,22
115000034,2026-02-09,35,31,21,25,16
115000033,2026-02-07,27,8,22,3,32
115000032,2026-02-06,1,32,6,34,29
115000031,2026-02-05,8,9,35,32,13
115000030,2026-02-04,17,8,28,22,27
115000029,2026-02-03,5,23,11,15,3
115000028,2026-02-02,38,8,6,31,37
115000027,2026-01-31,21,32,5,12,16
115000026,2026-01-30,16,29,36,30,17
115000025,2026-01-29,37,11,36,6,28
115000024,2026-01-28,10,24,23,11,29
115000023,2026-01-27,5,32,17,18,23
115000022,2026-01-26,26,30,6,23,15
115000021,2026-01-24,37,7,35,15,6
115000020,2026-01-23,3,21,11,31,12
115000019,2026-01-22,30,6,3,11,34
115000018,2026-01-21,23,38,4,27,15
115000017,2026-01-20,23,19,25,16,34
115000016,2026-01-19,12,24,16,29,23
115000015,2026-01-17,24,37,2,11,10
115000014,2026-01-16,19,29,18,27,22
115000013,2026-01-15,1,36,19,3,2
115000012,2026-01-14,1,33,16,35,2
115000011,2026-01-13,16,17,19,31,6
115000010,2026-01-12,18,3,30,13,24
115000009,2026-01-10,25,11,34,38,26
115000008,2026-01-09,12,34,14,22,1
115000007,2026-01-08,30,3,21,10,8
115000006,2026-01-07,28,10,5,15,14
115000005,2026-01-06,2,1,11,33,6
115000004,2026-01-05,16,10,39,34,18
115000003,2026-01-03,22,31,38,32,23
115000002,2026-01-02,18,25,36,39,17
115000001,2026-01-01,18,29,15,16,36
114000316,2025-12-31,8,11,35,10,26
114000315,2025-12-30,12,27,24,33,11
114000314,2025-12-29,29,13,10,37,5
114000313,2025-12-27,38,28,1,15,19
114000312,2025-12-26,1,20,27,36,10
114000311,2025-12-25,14,18,28,36,39
114000310,2025-12-24,14,30,2,25,3
114000309,2025-12-23,30,9,24,22,35
114000308,2025-12-22,27,2,22,24,38
114000307,2025-12-20,38,5,35,1,16
114000306,2025-12-19,27,30,16,12,23
114000305,2025-12-18,36,32,4,33,9
114000304,2025-12-17,32,6,7,19,5
114000303,2025-12-16,2,33,10,35,14
114000302,2025-12-15,3,27,29,17,38
114000301,2025-12-13,21,9,31,38,2
114000300,2025-12-12,26,24,35,10,28
114000299,2025-12-11,2,25,17,26,6
114000298,2025-12-10,4,11,7,26,16
114000297,2025-12-09,39,15,7,8,30
114000296,2025-12-08,27,23,5,31,28
114000295,2025-12-06,24,6,32,23,22
114000294,2025-12-05,29,16,17,2,3
114000293,2025-12-04,7,25,37,20,1
114000292,2025-12-03,9,35,5,33,14
114000291,2025-12-02,5,13,29,8,2
114000290,2025-12-01,20,2,3,24,4
114000289,2025-11-29,8,27,30,36,33
114000288,2025-11-28,14,8,22,13,28
114000287,2025-11-27,22,19,7,25,28
114000286,2025-11-26,34,28,26,7,13
114000285,2025-11-25,38,39,30,36,9
114000284,2025-11-24,2,4,5,17,31
114000283,2025-11-22,37,10,33,13,32
114000282,2025-11-21,5,35,28,17,10
114000281,2025-11-20,33,36,5,38,1
114000280,2025-11-19,28,20,11,31,3
114000279,2025-11-18,37,14,31,24,36
114000278,2025-11-17,16,26,29,7,4
114000277,2025-11-15,20,29,12,28,25
114000276,2025-11-14,11,38,37,15,2
114000275,2025-11-13,36,18,20,23,13
114000274,2025-11-12,4,1,14,22,9
114000273,2025-11-11,31,5,19,34,39
114000272,2025-11-10,30,17,14,7,15
114000271,2025-11-08,34,7,8,26,9
114000270,2025-11-07,37,27,30,22,32
114000269,2025-11-06,28,7,24,32,31
114000268,2025-11-05,27,15,11,39,14
114000267,2025-11-04,7,1,12,29,39
114000266,2025-11-03,24,36,25,34,37
114000265,2025-11-01,27,8,28,19,12
114000264,2025-10-31,18,11,26,25,33
114000263,2025-10-30,5,31,27,28,37
114000262,2025-10-29,39,36,33,26,32
114000261,2025-10-28,31,20,18,25,29
114000260,2025-10-27,26,37,31,3,20
114000259,2025-10-25,4,34,3,21,11
114000258,2025-10-24,37,13,38,8,11
114000257,2025-10-23,8,37,15,27,38
114000256,2025-10-22,3,20,4,28,25
114000255,2025-10-21,13,30,38,37,22
114000254,2025-10-20,22,6,27,23,13
114000253,2025-10-18,17,2,35,38,32
114000252,2025-10-17,31,1,34,21,32
114000251,2025-10-16,37,18,21,30,4
114000250,2025-10-15,39,33,7,19,4
114000249,2025-10-14,4,18,9,24,5
114000248,2025-10-13,36,13,8,14,22
114000247,2025-10-11,9,19,22,4,34
114000246,2025-10-10,31,3,36,6,24
114000245,2025-10-09,2,12,4,15,29
114000244,2025-10-08,9,26,39,38,3
114000243,2025-10-07,28,34,16,1,20
114000242,2025-10-06,5,6,3,13,12
114000241,2025-10-04,10,3,4,39,18
114000240,2025-10-03,10,16,21,28,19
114000239,2025-10-02,19,39,10,36,25
114000238,2025-10-01,12,27,3,22,5
114000237,2025-09-30,14,21,28,33,20
114000236,2025-09-29,37,29,15,3,21
114000235,2025-09-27,13,11,3,28,37
114000234,2025-09-26,14,34,7,3,25
114000233,2025-09-25,32,28,13,2,10
114000232,2025-09-24,39,22,35,4,23
114000231,2025-09-23,6,20,37,33,19
114000230,2025-09-22,9,12,14,33,7
114000229,2025-09-20,11,8,13,22,5
114000228,2025-09-19,2,31,11,24,22
114000227,2025-09-18,12,14,33,23,5
114000226,2025-09-17,7,4,38,6,12
114000225,2025-09-16,2,19,9,21,33
114000224,2025-09-15,10,7,12,9,28
114000223,2025-09-13,25,36,32,35,2
114000222,2025-09-12,9,34,26,16,12
114000221,2025-09-11,18,28,36,6,26
114000220,2025-09-10,16,14,12,39,28
114000219,2025-09-09,23,26,20,8,25
114000218,2025-09-08,7,11,28,20,38
114000217,2025-09-06,8,31,28,14,25
114000216,2025-09-05,29,32,9,38,7
114000215,2025-09-04,6,27,34,7,24
114000214,2025-09-03,23,14,20,15,21
114000213,2025-09-02,25,5,8,10,23
114000212,2025-09-01,28,35,29,24,21
114000211,2025-08-30,14,7,13,4,5
114000210,2025-08-29,21,20,30,38,7
114000209,2025-08-28,5,29,21,23,7
114000208,2025-08-27,32,5,28,3,30
114000207,2025-08-26,39,2,24,5,38
114000206,2025-08-25,26,6,23,15,12
114000205,2025-08-23,4,39,5,27,8
114000204,2025-08-22,6,21,37,7,38
114000203,2025-08-21,16,27,33,29,28
114000202,2025-08-20,18,15,39,31,29
114000201,2025-08-19,7,18,35,31,6
114000200,2025-08-18,12,9,29,18,27
114000199,2025-08-16,15,22,24,18,31
114000198,2025-08-15,16,18,5,1,26
114000197,2025-08-14,14,12,10,31,35
114000196,2025-08-13,34,23,11,32,26
114000195,2025-08-12,9,30,17,1,25
114000194,2025-08-11,22,28,14,26,1
114000193,2025-08-09,1,9,27,30,29
114000192,2025-08-08,11,30,27,25,34
114000191,2025-08-07,30,37,10,28,20
114000190,2025-08-06,6,10,38,24,28
114000189,2025-08-05,21,32,20,37,13
114000188,2025-08-04,23,3,25,21,26
114000187,2025-08-02,31,25,14,3,22
114000186,2025-08-01,34,33,18,2,13
114000185,2025-07-31,12,11,17,34,36
114000184,2025-07-30,30,22,24,32,17
114000183,2025-07-29,6,10,1,13,27
114000182,2025-07-28,22,4,23,30,16
114000181,2025-07-26,29,14,23,15,18
114000180,2025-07-25,26,30,10,7,5
114000179,2025-07-24,2,6,9,32,29
114000178,2025-07-23,16,39,36,18,23
114000177,2025-07-22,19,27,39,21,32
114000176,2025-07-21,1,34,11,6,22
114000175,2025-07-19,14,26,11,27,7
114000174,2025-07-18,21,12,39,22,38
114000173,2025-07-17,6,4,11,29,37
114000172,2025-07-16,24,32,18,31,15
114000171,2025-07-15,21,22,9,38,16
114000170,2025-07-14,29,11,8,12,36
114000169,2025-07-12,26,19,21,20,3
114000168,2025-07-11,37,9,39,38,26
114000167,2025-07-10,3,34,4,36,2
114000166,2025-07-09,28,18,37,27,13
114000165,2025-07-08,3,24,4,33,27
114000164,2025-07-07,27,14,25,38,35
114000163,2025-07-05,22,14,35,8,24
114000162,2025-07-04,24,36,5,31,39
114000161,2025-07-03,21,26,22,27,10
114000160,2025-07-02,21,24,13,38,6
114000159,2025-07-01,8,11,6,19,38
114000158,2025-06-30,7,11,31,23,8
114000157,2025-06-28,12,34,29,33,22
114000156,2025-06-27,10,4,37,3,19
114000155,2025-06-26,1,29,24,13,6
114000154,2025-06-25,11,28,2,30,37
114000153,2025-06-24,20,31,10,1,12
114000152,2025-06-23,3,14,22,31,38
114000151,2025-06-21,39,3,24,8,15
114000150,2025-06-20,2,24,5,17,8
114000149,2025-06-19,15,17,14,12,24
114000148,2025-06-18,36,26,12,7,23
114000147,2025-06-17,37,14,2,12,26
114000146,2025-06-16,36,33,9,6,8
114000145,2025-06-14,37,15,17,2,23
114000144,2025-06-13,4,12,5,10,38
114000143,2025-06-12,14,15,11,32,19
114000142,2025-06-11,31,19,4,17,21
114000141,2025-06-10,12,16,29,38,7
114000140,2025-06-09,30,8,20,29,27
114000139,2025-06-07,22,4,32,23,16
114000138,2025-06-06,2,14,25,12,30
114000137,2025-06-05,19,35,7,39,14
114000136,2025-06-04,33,38,30,36,20
114000135,2025-06-03,21,25,7,34,20
114000134,2025-06-02,2,16,11,21,7
114000133,2025-05-31,35,18,20,14,29
114000132,2025-05-30,20,34,14,21,35
114000131,2025-05-29,31,30,4,28,18
114000130,2025-05-28,15,33,9,24,13
114000129,2025-05-27,33,4,23,38,8
114000128,2025-05-26,15,34,21,8,24
114000127,2025-05-24,29,36,35,14,18
114000126,2025-05-23,13,32,16,27,24
114000125,2025-05-22,17,21,1,35,8
114000124,2025-05-21,16,31,10,34,38
114000123,2025-05-20,26,10,23,38,22
114000122,2025-05-19,7,25,35,14,4
114000121,2025-05-17,9,30,24,3,39
114000120,2025-05-16,39,24,13,27,2
114000119,2025-05-15,15,25,36,2,4
114000118,2025-05-14,24,18,38,1,14
114000117,2025-05-13,4,29,23,10,20
114000116,2025-05-12,26,10,27,38,8
114000115,2025-05-10,36,6,20,27,9
114000114,2025-05-09,11,34,19,4,21
114000113,2025-05-08,26,28,33,7,10
114000112,2025-05-07,28,21,38,9,7
114000111,2025-05-06,11,18,39,6,37
114000110,2025-05-05,10,11,5,4,8
114000109,2025-05-03,27,19,10,1,31
114000108,2025-05-02,12,28,20,24,5
114000107,2025-05-01,19,39,27,8,25
114000106,2025-04-30,30,31,26,22,38
114000105,2025-04-29,18,7,13,1,35
114000104,2025-04-28,12,39,38,6,17
114000103,2025-04-26,35,20,38,23,32
114000102,2025-04-25,33,5,36,24,1
114000101,2025-04-24,35,29,25,6,4
114000100,2025-04-23,19,33,1,16,27
114000099,2025-04-22,19,31,27,8,23
114000098,2025-04-21,6,2,24,12,14
114000097,2025-04-19,26,36,19,21,14
114000096,2025-04-18,36,7,31,28,24
114000095,2025-04-17,3,6,23,24,37
114000094,2025-04-16,22,7,38,25,29
114000093,2025-04-15,27,39,3,2,16
114000092,2025-04-14,33,30,22,10,9
114000091,2025-04-12,11,9,25,31,15
114000090,2025-04-11,26,35,15,17,27
114000089,2025-04-10,19,22,28,14,26
114000088,2025-04-09,4,14,35,6,24
114000087,2025-04-08,17,18,32,6,19
114000086,2025-04-07,19,1,6,26,33
114000085,2025-04-05,24,15,14,12,13
114000084,2025-04-04,7,6,36,38,3
114000083,2025-04-03,5,39,31,16,23
114000082,2025-04-02,8,32,34,29,4
114000081,2025-04-01,5,17,31,19,13
114000080,2025-03-31,7,10,13,26,23
114000079,2025-03-29,27,4,9,12,17
114000078,2025-03-28,36,25,39,24,13
114000077,2025-03-27,5,33,36,25,37
114000076,2025-03-26,12,32,1,10,35
114000075,2025-03-25,20,24,27,4,38
114000074,2025-03-24,7,34,35,25,32
114000073,2025-03-22,16,13,5,28,24
114000072,2025-03-21,26,20,9,5,15
114000071,2025-03-20,32,2,27,16,17
114000070,2025-03-19,34,25,11,29,15
114000069,2025-03-18,15,13,19,25,3
114000068,2025-03-17,7,26,30,13,11
114000067,2025-03-15,25,8,15,26,34
114000066,2025-03-14,8,18,6,28,19
114000065,2025-03-13,3,11,30,4,7
114000064,2025-03-12,30,33,6,14,27
114000063,2025-03-11,21,24,31,2,27
114000062,2025-03-10,25,2,4,37,7
114000061,2025-03-08,23,35,17,27,24
114000060,2025-03-07,9,33,19,10,35
114000059,2025-03-06,34,12,15,8,18
114000058,2025-03-05,29,15,39,36,23
114000057,2025-03-04,23,18,11,36,21
114000056,2025-03-03,8,27,12,22,9
114000055,2025-03-01,16,34,4,29,31
114000054,2025-02-28,27,5,39,31,38
114000053,2025-02-27,28,20,11,29,12
114000052,2025-02-26,36,3,11,27,24
114000051,2025-02-25,26,5,35,11,33
114000050,2025-02-24,17,8,18,36,24
114000049,2025-02-22,7,4,19,22,11
114000048,2025-02-21,35,13,18,11,30
114000047,2025-02-20,3,24,27,7,17
114000046,2025-02-19,27,3,28,38,33
114000045,2025-02-18,19,12,10,33,13
114000044,2025-02-17,9,29,30,15,39
114000043,2025-02-15,8,21,10,26,6
114000042,2025-02-14,11,34,17,39,29
114000041,2025-02-13,20,7,30,11,2
114000040,2025-02-12,19,28,6,29,2
114000039,2025-02-11,27,10,19,18,28
114000038,2025-02-10,12,22,35,26,28
114000037,2025-02-09,27,4,37,35,5
114000036,2025-02-08,24,8,38,28,37
114000035,2025-02-07,29,37,16,26,21
114000034,2025-02-06,3,22,34,7,29
114000033,2025-02-05,6,7,14,39,8
114000032,2025-02-04,31,19,1,16,8
114000031,2025-02-03,23,16,4,21,37
114000030,2025-02-02,16,9,32,39,29
114000029,2025-02-01,37,1,23,32,10
114000028,2025-01-31,5,9,14,26,1
114000027,2025-01-30,9,14,18,11,27
114000026,2025-01-29,31,25,32,11,4
114000025,2025-01-28,23,13,35,24,22
114000024,2025-01-27,26,31,6,1,16
114000023,2025-01-26,17,20,7,9,8
114000022,2025-01-25,7,36,32,1,37
114000021,2025-01-24,9,12,31,5,14
114000020,2025-01-23,22,4,35,17,7
114000019,2025-01-22,23,26,6,30,19
114000018,2025-01-21,18,22,1,19,14
114000017,2025-01-20,34,32,19,3,12
114000016,2025-01-18,39,7,12,35,18
114000015,2025-01-17,26,8,4,24,7
114000014,2025-01-16,34,23,29,9,13
114000013,2025-01-15,26,22,3,39,21
114000012,2025-01-14,10,35,31,36,22
114000011,2025-01-13,35,28,4,38,12
114000010,2025-01-11,5,34,19,13,12
114000009,2025-01-10,18,9,15,11,20
114000008,2025-01-09,8,29,2,19,21
114000007,2025-01-08,12,31,18,20,24
114000006,2025-01-07,23,37,27,13,31
114000005,2025-01-06,27,22,7,21,35
114000004,2025-01-04,8,23,9,21,12
114000003,2025-01-03,5,8,11,6,14
114000002,2025-01-02,33,12,26,30,32
114000001,2025-01-01,2,7,10,14,8
113000314,2024-12-31,34,11,32,15,33
113000313,2024-12-30,27,23,31,20,3
113000312,2024-12-28,30,26,18,24,17
113000311,2024-12-27,38,7,19,20,15
113000310,2024-12-26,5,7,12,20,38
113000309,2024-12-25,21,18,6,29,38
113000308,2024-12-24,28,14,39,1,15
113000307,2024-12-23,2,13,6,18,22
113000306,2024-12-21,18,32,14,12,13
113000305,2024-12-20,16,3,26,9,19
113000304,2024-12-19,7,8,33,11,27
113000303,2024-12-18,24,3,37,27,33
113000302,2024-12-17,16,3,5,31,7
113000301,2024-12-16,23,21,26,11,5
113000300,2024-12-14,35,7,12,8,3
113000299,2024-12-13,9,2,20,34,38
113000298,2024-12-12,29,11,2,23,16
113000297,2024-12-11,4,22,37,32,34
113000296,2024-12-10,24,7,12,13,21
113000295,2024-12-09,9,8,28,32,20
113000294,2024-12-07,6,33,32,24,31
113000293,2024-12-06,20,38,15,2,33
113000292,2024-12-05,39,19,28,23,5
113000291,2024-12-04,35,33,38,12,27
113000290,2024-12-03,12,18,16,7,15
113000289,2024-12-02,29,13,23,5,38
113000288,2024-11-30,16,4,17,11,24
113000287,2024-11-29,25,3,35,11,18
113000286,2024-11-28,20,29,9,5,34
113000285,2024-11-27,21,13,7,35,14
113000284,2024-11-26,11,1,29,27,5
113000283,2024-11-25,38,3,20,6,19
113000282,2024-11-23,38,28,3,13,29
113000281,2024-11-22,8,7,17,30,3
113000280,2024-11-21,25,12,23,4,13
113000279,2024-11-20,30,13,31,20,33
113000278,2024-11-19,33,10,32,14,21
113000277,2024-11-18,3,5,27,26,23
113000276,2024-11-16,24,4,29,37,33
113000275,2024-11-15,2,27,29,39,18
113000274,2024-11-14,17,5,30,11,25
113000273,2024-11-13,21,35,18,11,3
113000272,2024-11-12,17,24,8,28,5
113000271,2024-11-11,7,20,26,14,24
113000270,2024-11-09,2,10,21,36,3
113000269,2024-11-08,1,9,32,31,13
113000268,2024-11-07,32,6,10,20,25
113000267,2024-11-06,22,6,18,14,11
113000266,2024-11-05,30,8,27,1,18
113000265,2024-11-04,10,26,7,35,3
113000264,2024-11-02,16,7,38,6,37
113000263,2024-11-01,11,19,31,4,8
113000262,2024-10-31,38,8,36,13,25
113000261,2024-10-30,10,11,24,17,33
113000260,2024-10-29,25,29,12,9,35
113000259,2024-10-28,39,22,6,1,13
113000258,2024-10-26,15,18,28,26,13
113000257,2024-10-25,39,15,6,28,8
113000256,2024-10-24,22,1,8,4,20
113000255,2024-10-23,19,10,26,18,37
113000254,2024-10-22,34,32,16,25,7
113000253,2024-10-21,35,17,9,31,1
113000252,2024-10-19,11,36,15,37,24
113000251,2024-10-18,34,11,4,26,38
113000250,2024-10-17,1,21,18,37,36
113000249,2024-10-16,15,20,31,27,30
113000248,2024-10-15,33,2,27,19,35
113000247,2024-10-14,19,14,32,4,25
113000246,2024-10-12,23,22,14,35,21
113000245,2024-10-11,14,16,15,29,24
113000244,2024-10-10,29,38,35,3,25
113000243,2024-10-09,31,34,12,25,17
113000242,2024-10-08,13,37,25,11,1
113000241,2024-10-07,17,39,2,10,21
113000240,2024-10-05,5,2,8,32,14
113000239,2024-10-04,11,5,38,27,39
113000238,2024-10-03,6,15,1,39,19
113000237,2024-10-02,8,7,22,13,34
113000236,2024-10-01,23,30,20,35,31
113000235,2024-09-30,10,24,7,31,27
113000234,2024-09-28,20,39,24,10,35
113000233,2024-09-27,39,3,27,37,34
113000232,2024-09-26,4,6,20,16,14
113000231,2024-09-25,5,37,2,10,12
113000230,2024-09-24,19,4,10,31,30
113000229,2024-09-23,35,12,17,14,4
113000228,2024-09-21,9,35,39,25,22
113000227,2024-09-20,4,38,32,7,30
113000226,2024-09-19,22,37,26,19,16
113000225,2024-09-18,18,2,23,9,16
113000224,2024-09-17,9,31,39,38,7
113000223,2024-09-16,26,19,18,12,15
113000222,2024-09-14,37,29,34,35,3
113000221,2024-09-13,8,39,25,6,37
113000220,2024-09-12,27,13,3,33,8
113000219,2024-09-11,20,14,8,26,5
113000218,2024-09-10,6,36,35,39,34
113000217,2024-09-09,36,37,5,16,17
113000216,2024-09-07,5,9,36,28,38
113000215,2024-09-06,14,39,31,27,36
113000214,2024-09-05,10,37,27,13,32
113000213,2024-09-04,35,27,31,26,9
113000212,2024-09-03,23,19,11,24,14
113000211,2024-09-02,20,16,37,31,24
113000210,2024-08-31,36,21,15,37,9
113000209,2024-08-30,22,3,36,14,5
113000208,2024-08-29,36,4,26,29,21
113000207,2024-08-28,36,34,6,35,16
113000206,2024-08-27,34,35,5,13,21
113000205,2024-08-26,23,33,9,5,11
113000204,2024-08-24,25,26,37,29,28
113000203,2024-08-23,30,11,34,9,39
113000202,2024-08-22,16,37,34,8,2
113000201,2024-08-21,2,1,12,13,22
113000200,2024-08-20,34,7,28,39,30
113000199,2024-08-19,36,12,2,9,16
113000198,2024-08-17,32,14,33,36,6
113000197,2024-08-16,32,9,18,17,35
113000196,2024-08-15,7,27,20,14,39
113000195,2024-08-14,24,30,34,6,9
113000194,2024-08-13,20,28,32,15,9
113000193,2024-08-12,34,24,12,28,8
113000192,2024-08-10,38,39,21,1,28
113000191,2024-08-09,7,10,2,12,8
113000190,2024-08-08,9,13,28,19,2
113000189,2024-08-07,16,19,4,30,5
113000188,2024-08-06,29,37,6,1,12
113000187,2024-08-05,36,6,17,11,7
113000186,2024-08-03,27,26,11,12,32
113000185,2024-08-02,24,22,38,1,19
113000184,2024-08-01,24,30,27,35,12
113000183,2024-07-31,36,12,18,37,38
113000182,2024-07-30,29,16,38,4,2
113000181,2024-07-29,30,12,14,1,24
113000180,2024-07-27,15,18,11,1,37
113000179,2024-07-26,36,12,18,20,11
113000178,2024-07-25,1,18,39,9,17
113000177,2024-07-24,2,34,23,21,3
113000176,2024-07-23,12,37,38,7,11
113000175,2024-07-22,26,34,20,6,30
113000174,2024-07-20,11,1,29,27,31
113000173,2024-07-19,24,14,30,36,19
113000172,2024-07-18,5,17,24,33,34
113000171,2024-07-17,37,28,10,8,26
113000170,2024-07-16,7,26,34,36,24
113000169,2024-07-15,37,25,19,1,22
113000168,2024-07-13,21,16,29,23,30
113000167,2024-07-12,18,8,17,36,19
113000166,2024-07-11,2,37,23,13,1
113000165,2024-07-10,9,33,14,31,1
113000164,2024-07-09,13,2,33,36,31
113000163,2024-07-08,17,29,22,11,20
113000162,2024-07-06,4,21,24,33,35
113000161,2024-07-05,24,23,17,18,28
113000160,2024-07-04,12,9,33,26,15
113000159,2024-07-03,4,25,33,34,20
113000158,2024-07-02,16,22,3,20,15
113000157,2024-07-01,11,19,17,8,23
113000156,2024-06-29,35,17,33,2,26
113000155,2024-06-28,25,39,27,16,12
113000154,2024-06-27,18,31,27,15,28
113000153,2024-06-26,38,21,2,39,37
113000152,2024-06-25,37,26,36,32,25
113000151,2024-06-24,32,39,13,17,3
113000150,2024-06-22,22,1,25,27,21
113000149,2024-06-21,15,16,12,10,23
113000148,2024-06-20,20,13,16,12,32
113000147,2024-06-19,11,10,14,22,2
113000146,2024-06-18,2,38,15,29,9
113000145,2024-06-17,8,32,34,26,2
113000144,2024-06-15,5,35,37,8,36
113000143,2024-06-14,20,1,17,2,37
113000142,2024-06-13,17,38,3,12,30
113000141,2024-06-12,14,32,29,19,20
113000140,2024-06-11,13,26,34,3,32
113000139,2024-06-10,38,33,19,18,30
113000138,2024-06-08,11,24,19,31,32
113000137,2024-06-07,35,27,34,1,4
113000136,2024-06-06,3,21,11,36,20
113000135,2024-06-05,4,6,20,3,14
113000134,2024-06-04,17,25,23,11,7
113000133,2024-06-03,10,21,31,6,24
113000132,2024-06-01,20,24,4,28,38
113000131,2024-05-31,12,8,36,23,13
113000130,2024-05-30,37,32,2,36,9
113000129,2024-05-29,9,32,1,7,20
113000128,2024-05-28,36,29,23,39,16
113000127,2024-05-27,24,17,14,13,5
113000126,2024-05-25,34,15,38,32,1
113000125,2024-05-24,39,5,16,22,26
113000124,2024-05-23,23,34,26,14,27
113000123,2024-05-22,29,15,13,23,11
113000122,2024-05-21,16,24,1,3,31
113000121,2024-05-20,32,5,3,34,28
113000120,2024-05-18,37,11,32,5,10
113000119,2024-05-17,27,19,30,38,14
113000118,2024-05-16,21,33,35,10,9
113000117,2024-05-15,33,4,26,14,6
113000116,2024-05-14,7,22,18,11,20
113000115,2024-05-13,36,14,4,33,37
113000114,2024-05-11,7,1,15,29,11
113000113,2024-05-10,38,31,39,1,12
113000112,2024-05-09,11,6,35,31,5
113000111,2024-05-08,16,26,13,12,37
113000110,2024-05-07,25,18,9,4,39
113000109,2024-05-06,39,35,28,31,12
113000108,2024-05-04,7,13,28,2,18
113000107,2024-05-03,37,6,16,11,5
113000106,2024-05-02,35,28,6,3,13
113000105,2024-05-01,32,24,9,39,36
113000104,2024-04-30,7,12,3,17,37
113000103,2024-04-29,27,4,10,21,12
113000102,2024-04-27,36,9,22,34,15
113000101,2024-04-26,31,36,10,14,25
113000100,2024-04-25,25,22,21,20,16
113000099,2024-04-24,17,6,28,10,3
113000098,2024-04-23,18,37,17,32,35
113000097,2024-04-22,6,35,28,14,20
113000096,2024-04-20,34,3,12,20,35
113000095,2024-04-19,38,2,10,21,22
113000094,2024-04-18,6,25,13,15,28
113000093,2024-04-17,28,35,15,36,39
113000092,2024-04-16,28,21,26,17,6
113000091,2024-04-15,9,10,3,17,13
113000090,2024-04-13,19,9,31,2,1
113000089,2024-04-12,1,3,14,10,31
113000088,2024-04-11,15,18,13,19,33
113000087,2024-04-10,21,26,3,30,2
113000086,2024-04-09,12,21,39,24,25
113000085,2024-04-08,3,21,36,9,27
113000084,2024-04-06,22,15,7,4,30
113000083,2024-04-05,35,1,34,31,13
113000082,2024-04-04,35,22,27,14,8
113000081,2024-04-03,3,6,1,27,21
113000080,2024-04-02,26,10,23,4,12
113000079,2024-04-01,20,5,33,9,14
113000078,2024-03-30,12,35,24,2,15
113000077,2024-03-29,12,11,24,18,23
113000076,2024-03-28,29,26,10,1,16
113000075,2024-03-27,21,27,10,30,23
113000074,2024-03-26,7,35,38,30,5
113000073,2024-03-25,20,36,34,4,11
113000072,2024-03-23,7,27,17,33,28
113000071,2024-03-22,7,11,12,38,24
113000070,2024-03-21,13,4,27,1,2
113000069,2024-03-20,29,5,35,34,24
113000068,2024-03-19,39,38,26,10,16
113000067,2024-03-18,18,25,19,16,11
113000066,2024-03-16,16,39,27,6,2
113000065,2024-03-15,8,14,7,9,34
113000064,2024-03-14,19,28,22,26,18
113000063,2024-03-13,8,22,12,36,35
113000062,2024-03-12,21,39,38,12,23
113000061,2024-03-11,2,36,16,18,8
113000060,2024-03-09,5,27,37,10,38
113000059,2024-03-08,15,36,11,8,20
113000058,2024-03-07,20,23,36,2,6
113000057,2024-03-06,38,9,36,23,19
113000056,2024-03-05,26,39,34,37,36
113000055,2024-03-04,5,19,3,1,38
113000054,2024-03-02,29,37,19,36,17
113000053,2024-03-01,36,21,12,5,13
113000052,2024-02-29,26,37,15,22,7
113000051,2024-02-28,28,29,7,38,14
113000050,2024-02-27,30,38,31,27,11
113000049,2024-02-26,29,23,31,25,32
113000048,2024-02-24,2,33,7,10,15
113000047,2024-02-23,3,1,35,18,15
113000046,2024-02-22,15,3,12,33,5
113000045,2024-02-21,35,4,1,37,3
113000044,2024-02-20,34,29,30,21,26
113000043,2024-02-19,24,17,25,9,5
113000042,2024-02-17,12,31,18,38,39
113000041,2024-02-16,11,16,36,34,7
113000040,2024-02-15,15,17,2,30,4
113000039,2024-02-14,27,30,4,37,16
113000038,2024-02-13,24,30,28,23,31
113000037,2024-02-12,38,8,22,29,6
113000036,2024-02-10,21,22,18,3,19
113000035,2024-02-09,20,22,36,37,6
113000034,2024-02-08,38,35,25,20,31
113000033,2024-02-07,28,11,6,15,31
113000032,2024-02-06,32,6,13,39,16
113000031,2024-02-05,15,16,23,28,12
113000030,2024-02-03,23,21,14,20,34
113000029,2024-02-02,33,26,22,10,32
113000028,2024-02-01,29,19,37,17,10
113000027,2024-01-31,10,32,38,21,6
113000026,2024-01-30,21,36,3,23,11
113000025,2024-01-29,1,22,18,3,28
113000024,2024-01-27,8,9,1,35,30
113000023,2024-01-26,12,31,22,6,9
113000022,2024-01-25,34,32,36,14,1
113000021,2024-01-24,33,4,29,12,36
113000020,2024-01-23,8,19,35,18,16
113000019,2024-01-22,3,17,25,15,36
113000018,2024-01-20,36,28,15,20,37
113000017,2024-01-19,35,13,17,2,3
113000016,2024-01-18,31,27,32,33,10
113000015,2024-01-17,39,32,38,17,10
113000014,2024-01-16,27,29,9,5,2
113000013,2024-01-15,3,11,10,1,35
113000012,2024-01-13,33,14,27,20,38
113000011,2024-01-12,12,1,31,3,23
113000010,2024-01-11,23,15,36,34,37
113000009,2024-01-10,3,6,24,15,19
113000008,2024-01-09,17,27,23,19,9
113000007,2024-01-08,39,7,22,38,35
113000006,2024-01-06,1,39,37,16,33
113000005,2024-01-05,14,33,21,11,10
113000004,2024-01-04,11,29,27,28,37
113000003,2024-01-03,1,21,37,32,5
113000002,2024-01-02,25,22,21,37,30
113000001,2024-01-01,30,3,9,27,33
112000312,2023-12-30,17,20,11,4,32
112000311,2023-12-29,27,22,9,39,14
112000310,2023-12-28,37,18,30,20,28
112000309,2023-12-27,35,10,38,21,33
112000308,2023-12-26,18,11,27,37,23
112000307,2023-12-25,39,2,30,29,19
112000306,2023-12-23,25,21,13,17,28
112000305,2023-12-22,6,24,32,11,37
112000304,2023-12-21,3,10,5,9,4
112000303,2023-12-20,31,19,21,37,26
112000302,2023-12-19,16,26,33,17,2
112000301,2023-12-18,26,14,11,32,10
112000300,2023-12-16,32,14,16,38,8
112000299,2023-12-15,6,35,7,14,30
112000298,2023-12-14,35,36,6,8,13
112000297,2023-12-13,7,20,6,5,22
112000296,2023-12-12,10,22,5,38,32
112000295,2023-12-11,25,2,13,33,5
112000294,2023-12-09,19,8,20,7,31
112000293,2023-12-08,23,5,11,16,3
112000292,2023-12-07,3,6,7,22,11
112000291,2023-12-06,32,4,20,23,38
112000290,2023-12-05,29,14,7,11,1
112000289,2023-12-04,11,22,12,29,16
112000288,2023-12-02,22,33,36,23,31
112000287,2023-12-01,4,15,18,29,9
112000286,2023-11-30,4,12,20,22,34
112000285,2023-11-29,30,35,9,11,14
112000284,2023-11-28,17,28,38,15,35
112000283,2023-11-27,2,32,5,35,22
112000282,2023-11-25,4,20,22,11,16
112000281,2023-11-24,9,15,38,27,37
112000280,2023-11-23,37,8,3,17,13
112000279,2023-11-22,2,32,28,25,34
112000278,2023-11-21,37,24,39,26,28
112000277,2023-11-20,21,8,37,16,19
112000276,2023-11-18,2,30,36,22,17
112000275,2023-11-17,30,20,25,21,12
112000274,2023-11-16,13,18,1,6,2
112000273,2023-11-15,21,38,1,27,24
112000272,2023-11-14,19,27,37,14,1
112000271,2023-11-13,38,13,37,36,17
112000270,2023-11-11,31,17,35,33,34
112000269,2023-11-10,25,39,37,19,6
112000268,2023-11-09,36,35,2,12,30
112000267,2023-11-08,23,19,31,27,3
112000266,2023-11-07,4,25,17,3,35
112000265,2023-11-06,5,39,37,26,4
112000264,2023-11-04,27,37,12,5,24
112000263,2023-11-03,16,19,18,4,17
112000262,2023-11-02,7,33,6,3,37
112000261,2023-11-01,26,23,35,33,11
112000260,2023-10-31,36,9,3,29,39
112000259,2023-10-30,22,30,38,15,27
112000258,2023-10-28,36,31,1,10,5
112000257,2023-10-27,9,1,5,3,25
112000256,2023-10-26,10,37,15,26,16
112000255,2023-10-25,5,38,19,13,33
112000254,2023-10-24,33,28,3,39,36
112000253,2023-10-23,1,4,15,29,35
112000252,2023-10-21,4,30,34,16,22
112000251,2023-10-20,22,10,8,23,36
112000250,2023-10-19,9,6,11,7,26
112000249,2023-10-18,27,28,11,3,2
112000248,2023-10-17,14,38,10,13,6
112000247,2023-10-16,9,18,10,31,3
112000246,2023-10-14,26,1,16,8,4
112000245,2023-10-13,2,4,5,22,18
112000244,2023-10-12,33,38,24,39,27
112000243,2023-10-11,32,31,39,35,29
112000242,2023-10-10,5,18,3,34,8
112000241,2023-10-09,8,29,16,23,13
112000240,2023-10-07,35,18,3,26,34
112000239,2023-10-06,26,19,29,3,4
112000238,2023-10-05,37,18,9,26,12
112000237,2023-10-04,19,21,33,38,9
112000236,2023-10-03,2,12,13,30,1
112000235,2023-10-02,13,1,8,2,37
112000234,2023-09-30,20,19,3,21,14
112000233,2023-09-29,12,27,39,30,10
112000232,2023-09-28,17,19,4,14,11
112000231,2023-09-27,14,34,24,15,19
112000230,2023-09-26,39,3,28,1,5
112000229,2023-09-25,4,25,6,10,38
112000228,2023-09-23,26,39,20,35,32
112000227,2023-09-22,26,18,32,1,12
112000226,2023-09-21,16,4,37,25,1
112000225,2023-09-20,20,17,11,6,21
112000224,2023-09-19,26,24,39,36,10
112000223,2023-09-18,14,36,3,21,23
112000222,2023-09-16,38,14,25,23,4
112000221,2023-09-15,18,20,9,1,12
112000220,2023-09-14,10,5,28,17,8
112000219,2023-09-13,3,18,9,21,39
112000218,2023-09-12,21,17,16,2,31
112000217,2023-09-11,12,39,31,33,6
112000216,2023-09-09,35,39,11,31,13
112000215,2023-09-08,6,23,8,31,14
112000214,2023-09-07,10,36,27,24,37
112000213,2023-09-06,28,23,10,4,29
112000212,2023-09-05,34,20,12,21,16
112000211,2023-09-04,6,17,20,37,18
112000210,2023-09-02,11,25,34,22,15
112000209,2023-09-01,19,34,31,1,17
112000208,2023-08-31,14,30,11,19,39
112000207,2023-08-30,13,33,36,16,35
112000206,2023-08-29,13,10,4,37,2
112000205,2023-08-28,17,26,31,1,13
112000204,2023-08-26,24,7,27,9,6
112000203,2023-08-25,23,5,30,32,11
112000202,2023-08-24,34,14,5,23,29
112000201,2023-08-23,2,23,7,19,28
112000200,2023-08-22,11,9,36,27,12
112000199,2023-08-21,7,36,25,6,24
112000198,2023-08-19,14,23,15,9,28
112000197,2023-08-18,14,23,6,38,34
112000196,2023-08-17,4,27,15,34,18
112000195,2023-08-16,2,28,7,9,19
112000194,2023-08-15,26,23,37,33,14
112000193,2023-08-14,33,17,28,26,18
112000192,2023-08-12,31,23,8,27,32
112000191,2023-08-11,38,6,24,23,39
112000190,2023-08-10,13,38,14,30,1
112000189,2023-08-09,39,12,15,3,30
112000188,2023-08-08,7,19,29,10,28
112000187,2023-08-07,14,8,32,34,29
112000186,2023-08-05,4,15,9,10,34
112000185,2023-08-04,38,16,7,35,20
112000184,2023-08-03,9,3,12,33,30
112000183,2023-08-02,3,10,11,29,25
112000182,2023-08-01,10,15,1,30,3
112000181,2023-07-31,13,21,3,19,35
112000180,2023-07-29,37,30,18,15,20
112000179,2023-07-28,20,26,7,1,13
112000178,2023-07-27,13,39,10,18,37
112000177,2023-07-26,37,13,6,33,38
112000176,2023-07-25,15,32,18,26,19
112000175,2023-07-24,31,34,2,37,13
112000174,2023-07-22,15,32,4,9,24
112000173,2023-07-21,27,26,31,39,9
112000172,2023-07-20,23,13,20,18,31
112000171,2023-07-19,2,35,22,12,20
112000170,2023-07-18,23,29,38,15,12
112000169,2023-07-17,29,1,22,18,30
112000168,2023-07-15,8,22,19,21,16
112000167,2023-07-14,14,25,37,12,20
112000166,2023-07-13,19,6,10,32,4
112000165,2023-07-12,9,1,32,2,10
112000164,2023-07-11,35,38,25,24,36
112000163,2023-07-10,15,4,19,37,1
112000162,2023-07-08,33,24,1,18,4
112000161,2023-07-07,30,16,12,25,28
112000160,2023-07-06,21,17,2,33,14
112000159,2023-07-05,5,8,7,25,30
112000158,2023-07-04,14,27,29,26,35
112000157,2023-07-03,28,34,33,39,13
112000156,2023-07-01,12,22,8,39,7
112000155,2023-06-30,36,3,20,11,30
112000154,2023-06-29,17,14,27,10,2
112000153,2023-06-28,8,32,5,21,33
112000152,2023-06-27,39,28,14,12,4
112000151,2023-06-26,5,26,20,15,14
112000150,2023-06-24,13,10,7,14,22
112000149,2023-06-23,24,30,20,11,13
112000148,2023-06-22,33,34,6,10,39
112000147,2023-06-21,23,30,9,38,2
112000146,2023-06-20,25,34,11,27,37
112000145,2023-06-19,36,13,1,33,39
112000144,2023-06-17,36,29,9,2,20
112000143,2023-06-16,9,24,39,12,28
112000142,2023-06-15,18,15,21,2,11
112000141,2023-06-14,6,21,34,32,1
112000140,2023-06-13,29,36,37,34,24
112000139,2023-06-12,13,26,8,19,22
112000138,2023-06-10,19,9,8,28,1
112000137,2023-06-09,15,2,17,29,13
112000136,2023-06-08,15,38,12,1,23
112000135,2023-06-07,11,7,8,29,3
112000134,2023-06-06,11,37,29,18,26
112000133,2023-06-05,20,16,5,1,29
112000132,2023-06-03,23,13,3,7,34
112000131,2023-06-02,4,9,8,37,22
112000130,2023-06-01,25,8,27,34,18
112000129,2023-05-31,34,6,7,36,5
112000128,2023-05-30,12,15,20,5,21
112000127,2023-05-29,14,10,1,27,37
112000126,2023-05-27,25,24,18,39,1
112000125,2023-05-26,13,7,22,6,29
112000124,2023-05-25,33,20,18,14,16
112000123,2023-05-24,10,8,34,16,21
112000122,2023-05-23,35,38,34,10,14
112000121,2023-05-22,10,39,15,31,25
112000120,2023-05-20,10,24,1,28,34
112000119,2023-05-19,33,27,34,36,16
112000118,2023-05-18,36,32,8,34,20
112000117,2023-05-17,30,14,5,38,11
112000116,2023-05-16,36,27,13,25,38
112000115,2023-05-15,24,7,6,5,8
112000114,2023-05-13,27,12,15,35,3
112000113,2023-05-12,25,20,21,14,23
112000112,2023-05-11,34,5,27,4,9
112000111,2023-05-10,11,37,31,25,12
112000110,2023-05-09,36,2,23,13,4
112000109,2023-05-08,3,34,7,27,29
112000108,2023-05-06,5,32,28,26,4
112000107,2023-05-05,32,1,24,30,7
112000106,2023-05-04,34,14,25,26,23
112000105,2023-05-03,34,7,26,35,5
112000104,2023-05-02,27,1,29,5,3
112000103,2023-05-01,20,28,31,10,14
112000102,2023-04-29,22,32,8,6,38
112000101,2023-04-28,39,11,10,36,7
112000100,2023-04-27,32,3,39,22,13
112000099,2023-04-26,33,2,21,29,20
112000098,2023-04-25,12,36,5,34,1
112000097,2023-04-24,24,16,21,10,1
112000096,2023-04-22,29,27,21,10,14
112000095,2023-04-21,7,32,26,28,2
112000094,2023-04-20,37,4,19,29,22
112000093,2023-04-19,39,15,34,33,20
112000092,2023-04-18,17,33,21,31,11
112000091,2023-04-17,9,32,4,33,16
112000090,2023-04-15,37,17,1,9,31
112000089,2023-04-14,3,17,5,36,31
112000088,2023-04-13,13,29,18,26,14
112000087,2023-04-12,17,4,38,11,10
112000086,2023-04-11,38,6,5,1,37
112000085,2023-04-10,6,30,34,36,25
112000084,2023-04-08,27,18,8,20,31
112000083,2023-04-07,31,39,36,16,10
112000082,2023-04-06,37,9,39,24,11
112000081,2023-04-05,31,6,21,38,3
112000080,2023-04-04,31,38,13,27,2
112000079,2023-04-03,23,33,6,22,7
112000078,2023-04-01,9,10,16,26,21
112000077,2023-03-31,26,27,2,35,21
112000076,2023-03-30,13,7,25,18,39
112000075,2023-03-29,37,36,32,39,16
112000074,2023-03-28,5,9,10,32,2
112000073,2023-03-27,32,39,6,10,11
112000072,2023-03-25,35,24,6,33,10
112000071,2023-03-24,8,19,37,27,34
112000070,2023-03-23,36,38,33,12,5
112000069,2023-03-22,37,5,17,2,27
112000068,2023-03-21,38,3,12,16,22
112000067,2023-03-20,20,18,37,10,5
112000066,2023-03-18,7,3,30,37,22
112000065,2023-03-17,27,5,11,32,17
112000064,2023-03-16,21,38,25,10,37
112000063,2023-03-15,15,26,33,25,9
112000062,2023-03-14,22,15,18,30,24
112000061,2023-03-13,2,23,30,10,35
112000060,2023-03-11,24,22,4,7,14
112000059,2023-03-10,33,35,15,8,39
112000058,2023-03-09,26,30,39,38,11
112000057,2023-03-08,39,22,24,15,19
112000056,2023-03-07,10,5,17,19,9
112000055,2023-03-06,37,21,1,19,8
112000054,2023-03-04,32,25,9,39,4
112000053,2023-03-03,17,34,35,8,16
112000052,2023-03-02,4,37,24,9,1
112000051,2023-03-01,37,26,30,32,36
112000050,2023-02-28,8,27,6,33,23
112000049,2023-02-27,21,5,38,31,33
112000048,2023-02-25,4,6,27,39,38
112000047,2023-02-24,12,11,16,8,30
112000046,2023-02-23,13,11,7,17,27
112000045,2023-02-22,16,37,2,17,11
112000044,2023-02-21,37,29,2,25,17
112000043,2023-02-20,14,24,30,32,38
112000042,2023-02-18,18,12,32,20,8
112000041,2023-02-17,31,9,25,27,22
112000040,2023-02-16,35,5,25,39,17
112000039,2023-02-15,37,32,4,24,23
112000038,2023-02-14,16,37,12,28,9
112000037,2023-02-13,34,31,5,16,6
112000036,2023-02-11,7,30,27,39,31
112000035,2023-02-10,4,26,17,34,25
112000034,2023-02-09,35,32,22,39,38
112000033,2023-02-08,15,17,28,37,13
112000032,2023-02-07,13,1,25,26,27
112000031,2023-02-06,16,15,31,28,3
112000030,2023-02-04,22,18,24,13,15
112000029,2023-02-03,21,7,19,31,1
112000028,2023-02-02,30,11,12,38,27
112000027,2023-02-01,19,38,16,23,36
112000026,2023-01-31,6,38,3,23,2
112000025,2023-01-30,25,36,17,18,8
112000024,2023-01-28,32,18,38,29,9
112000023,2023-01-27,24,2,19,16,27
112000022,2023-01-26,36,12,33,6,10
112000021,2023-01-25,20,19,5,1,15
112000020,2023-01-24,6,8,16,19,31
112000019,2023-01-23,13,22,14,4,12
112000018,2023-01-21,12,8,28,35,14
112000017,2023-01-20,15,19,25,5,6
112000016,2023-01-19,1,12,34,3,28
112000015,2023-01-18,12,34,39,18,6
112000014,2023-01-17,39,6,4,26,28
112000013,2023-01-16,29,7,12,4,11
112000012,2023-01-14,29,12,23,8,4
112000011,2023-01-13,26,9,31,4,29
112000010,2023-01-12,29,26,3,37,14
112000009,2023-01-11,34,31,23,26,35
112000008,2023-01-10,22,2,18,29,8
112000007,2023-01-09,6,34,30,31,13
112000006,2023-01-07,6,8,30,23,3
112000005,2023-01-06,30,38,10,35,39
112000004,2023-01-05,17,26,39,36,29
112000003,2023-01-04,29,8,31,36,18
112000002,2023-01-03,14,12,34,30,25
112000001,2023-01-02,8,10,25,12,6
111000313,2022-12-31,10,1,15,20,26
111000312,2022-12-30,10,5,29,4,8
111000311,2022-12-29,18,25,1,38,8
111000310,2022-12-28,16,27,6,18,24
111000309,2022-12-27,31,38,8,20,35
111000308,2022-12-26,28,13,12,6,2
111000307,2022-12-24,1,4,34,3,31
111000306,2022-12-23,29,27,23,35,30
111000305,2022-12-22,9,18,3,33,7
111000304,2022-12-21,12,32,13,24,20
111000303,2022-12-20,29,25,9,13,6
111000302,2022-12-19,6,9,35,13,21
111000301,2022-12-17,10,12,24,3,11
111000300,2022-12-16,15,3,19,34,14
111000299,2022-12-15,6,24,18,1,14
111000298,2022-12-14,16,31,12,10,36
111000297,2022-12-13,9,12,27,1,28
111000296,2022-12-12,23,28,16,27,13
111000295,2022-12-10,29,39,18,8,10
111000294,2022-12-09,13,17,37,35,12
111000293,2022-12-08,16,21,19,23,22
111000292,2022-12-07,36,25,10,1,34
111000291,2022-12-06,16,18,25,12,13
111000290,2022-12-05,5,24,16,14,18
111000289,2022-12-03,28,21,13,29,11
111000288,2022-12-02,4,1,18,13,3
111000287,2022-12-01,14,24,30,26,16
111000286,2022-11-30,16,13,37,9,24
111000285,2022-11-29,29,14,25,8,11
111000284,2022-11-28,7,17,27,39,9
111000283,2022-11-26,11,24,26,20,18
111000282,2022-11-25,18,8,28,36,25
111000281,2022-11-24,4,33,17,37,27
111000280,2022-11-23,27,2,37,30,22
111000279,2022-11-22,19,16,10,6,30
111000278,2022-11-21,8,38,21,28,1
111000277,2022-11-19,17,31,21,22,35
111000276,2022-11-18,7,9,4,1,5
111000275,2022-11-17,27,22,30,3,13
111000274,2022-11-16,6,1,15,7,35
111000273,2022-11-15,2,4,18,15,33
111000272,2022-11-14,36,27,5,19,35
111000271,2022-11-12,19,31,5,33,13
111000270,2022-11-11,2,22,12,4,21
111000269,2022-11-10,23,27,31,13,19
111000268,2022-11-09,8,20,30,4,35
111000267,2022-11-08,3,16,22,19,14
111000266,2022-11-07,28,11,12,19,37
111000265,2022-11-05,17,1,32,28,6
111000264,2022-11-04,2,22,31,10,3
111000263,2022-11-03,27,18,31,35,3
111000262,2022-11-02,18,24,13,34,4
111000261,2022-11-01,18,17,33,26,14
111000260,2022-10-31,27,21,9,23,24
111000259,2022-10-29,20,8,16,34,25
111000258,2022-10-28,18,28,36,1,22
111000257,2022-10-27,39,30,29,9,22
111000256,2022-10-26,39,18,13,9,5
111000255,2022-10-25,22,19,9,26,20
111000254,2022-10-24,17,33,35,9,36
111000253,2022-10-22,3,1,7,10,23
111000252,2022-10-21,35,28,24,8,3
111000251,2022-10-20,36,4,3,6,11
111000250,2022-10-19,4,11,5,12,1
111000249,2022-10-18,16,27,7,14,25
111000248,2022-10-17,39,5,16,2,21
111000247,2022-10-15,23,36,30,8,7
111000246,2022-10-14,24,1,6,12,22
111000245,2022-10-13,9,12,15,29,23
111000244,2022-10-12,8,1,20,10,14
111000243,2022-10-11,4,15,10,7,39
111000242,2022-10-10,8,34,13,1,21
111000241,2022-10-08,18,35,6,23,21
111000240,2022-10-07,36,29,8,12,2
111000239,2022-10-06,11,22,38,10,13
111000238,2022-10-05,22,20,7,37,1
111000237,2022-10-04,35,12,31,6,17
111000236,2022-10-03,37,29,32,31,24
111000235,2022-10-01,5,15,25,14,3
111000234,2022-09-30,33,21,25,35,18
111000233,2022-09-29,22,3,25,23,17
111000232,2022-09-28,31,28,14,7,38
111000231,2022-09-27,39,3,37,36,27
111000230,2022-09-26,2,11,10,23,7
111000229,2022-09-24,38,17,35,28,34
111000228,2022-09-23,38,1,12,25,39
111000227,2022-09-22,24,31,20,10,14
111000226,2022-09-21,23,14,1,39,24
111000225,2022-09-20,16,9,11,39,7
111000224,2022-09-19,19,12,15,4,17
111000223,2022-09-17,19,10,18,25,29
111000222,2022-09-16,28,15,36,33,10
111000221,2022-09-15,35,18,5,30,4
111000220,2022-09-14,27,22,29,8,16
111000219,2022-09-13,20,33,14,13,35
111000218,2022-09-12,38,14,24,37,6
111000217,2022-09-10,8,35,6,25,37
111000216,2022-09-09,28,36,20,22,37
111000215,2022-09-08,17,36,5,14,34
111000214,2022-09-07,27,35,8,10,4
111000213,2022-09-06,4,36,26,11,17
111000212,2022-09-05,10,7,21,16,20
111000211,2022-09-03,20,27,39,10,9
111000210,2022-09-02,19,24,25,38,2
111000209,2022-09-01,2,15,8,6,17
111000208,2022-08-31,15,21,25,36,17
111000207,2022-08-30,36,29,32,8,38
111000206,2022-08-29,19,33,23,16,37
111000205,2022-08-27,36,26,19,17,12
111000204,2022-08-26,23,28,12,34,25
111000203,2022-08-25,36,10,25,3,28
111000202,2022-08-24,26,7,33,4,34
111000201,2022-08-23,8,5,15,12,24
111000200,2022-08-22,14,6,13,25,38
111000199,2022-08-20,35,29,11,13,31
111000198,2022-08-19,28,26,37,39,31
111000197,2022-08-18,4,20,35,15,36
111000196,2022-08-17,21,36,16,26,30
111000195,2022-08-16,19,7,34,26,10
111000194,2022-08-15,14,3,17,13,11
111000193,2022-08-13,36,2,35,17,22
111000192,2022-08-12,36,24,1,6,13
111000191,2022-08-11,21,29,16,8,9
111000190,2022-08-10,16,3,8,36,23
111000189,2022-08-09,31,39,36,9,11
111000188,2022-08-08,39,19,33,34,17
111000187,2022-08-06,6,35,11,18,21
111000186,2022-08-05,21,9,16,12,7
111000185,2022-08-04,28,2,32,37,26
111000184,2022-08-03,19,29,34,26,15
111000183,2022-08-02,26,22,18,11,6
111000182,2022-08-01,18,8,27,2,3
111000181,2022-07-30,12,34,38,7,5
111000180,2022-07-29,34,38,29,39,3
111000179,2022-07-28,25,9,28,4,34
111000178,2022-07-27,14,30,29,4,5
111000177,2022-07-26,29,13,25,2,19
111000176,2022-07-25,35,37,36,25,24
111000175,2022-07-23,32,5,27,38,33
111000174,2022-07-22,24,28,11,26,9
111000173,2022-07-21,12,4,36,10,26
111000172,2022-07-20,16,4,8,29,34
111000171,2022-07-19,16,25,2,38,11
111000170,2022-07-18,4,22,10,32,35
111000169,2022-07-16,35,10,30,25,14
111000168,2022-07-15,24,36,33,3,22
111000167,2022-07-14,21,25,5,26,16
111000166,2022-07-13,4,14,34,27,35
111000165,2022-07-12,27,31,1,3,5
111000164,2022-07-11,15,19,37,7,16
111000163,2022-07-09,24,12,21,8,38
111000162,2022-07-08,1,39,20,30,25
111000161,2022-07-07,14,9,18,35,23
111000160,2022-07-06,30,27,18,14,13
111000159,2022-07-05,26,13,22,16,21
111000158,2022-07-04,5,17,11,31,38
111000157,2022-07-02,20,21,11,3,28
111000156,2022-07-01,1,2,8,33,22
111000155,2022-06-30,10,8,16,24,34
111000154,2022-06-29,36,6,37,28,21
111000153,2022-06-28,21,38,8,17,11
111000152,2022-06-27,3,35,31,1,26
111000151,2022-06-25,12,8,38,1,31
111000150,2022-06-24,25,15,38,8,31
111000149,2022-06-23,12,4,33,19,20
111000148,2022-06-22,17,33,38,11,27
111000147,2022-06-21,1,16,31,23,39
111000146,2022-06-20,10,37,35,1,16
111000145,2022-06-18,28,29,7,17,19
111000144,2022-06-17,35,21,5,39,14
111000143,2022-06-16,6,11,19,2,13
111000142,2022-06-15,36,27,5,32,11
111000141,2022-06-14,26,3,1,13,27
111000140,2022-06-13,7,16,2,12,4
111000139,2022-06-11,32,4,9,13,33
111000138,2022-06-10,37,15,6,24,36
111000137,2022-06-09,4,1,34,12,33
111000136,2022-06-08,29,6,38,23,17
111000135,2022-06-07,19,16,21,17,18
111000134,2022-06-06,37,6,36,4,29
111000133,2022-06-04,10,37,7,32,34
111000132,2022-06-03,39,34,23,30,17
111000131,2022-06-02,22,34,5,25,27
111000130,2022-06-01,8,28,9,1,12
111000129,2022-05-31,4,3,21,12,22
111000128,2022-05-30,25,4,31,21,1
111000127,2022-05-28,35,23,28,30,7
111000126,2022-05-27,36,8,28,13,30
111000125,2022-05-26,27,30,9,15,28
111000124,2022-05-25,13,37,2,11,18
111000123,2022-05-24,9,30,1,14,11
111000122,2022-05-23,9,12,18,25,38
111000121,2022-05-21,27,24,1,15,36
111000120,2022-05-20,13,11,39,37,24
111000119,2022-05-19,15,35,5,22,36
111000118,2022-05-18,6,24,9,37,18
111000117,2022-05-17,27,24,37,34,31
111000116,2022-05-16,20,17,25,36,23
111000115,2022-05-14,1,31,22,19,12
111000114,2022-05-13,16,3,19,15,31
111000113,2022-05-12,22,9,3,37,33
111000112,2022-05-11,6,10,33,5,4
111000111,2022-05-10,20,14,10,4,19
111000110,2022-05-09,21,38,11,15,12
111000109,2022-05-07,1,4,37,14,38
111000108,2022-05-06,31,13,2,7,11
111000107,2022-05-05,33,9,29,31,18
111000106,2022-05-04,3,23,2,11,27
111000105,2022-05-03,22,12,14,8,28
111000104,2022-05-02,10,34,3,12,9
111000103,2022-04-30,37,32,4,13,29
111000102,2022-04-29,31,14,32,38,7
111000101,2022-04-28,16,10,36,24,14
111000100,2022-04-27,29,30,25,14,3
111000099,2022-04-26,25,38,21,20,8
111000098,2022-04-25,2,19,9,21,7
111000097,2022-04-23,10,23,33,39,26
111000096,2022-04-22,7,11,27,3,20
111000095,2022-04-21,15,19,5,1,36
111000094,2022-04-20,2,26,37,29,6
111000093,2022-04-19,32,25,24,29,10
111000092,2022-04-18,18,38,35,20,11
111000091,2022-04-16,30,13,20,6,7
111000090,2022-04-15,7,19,25,27,15
111000089,2022-04-14,29,18,11,13,17
111000088,2022-04-13,20,18,22,15,23
111000087,2022-04-12,34,19,36,32,23
111000086,2022-04-11,9,29,39,20,36
111000085,2022-04-09,2,37,27,20,26
111000084,2022-04-08,23,20,21,5,2
111000083,2022-04-07,36,7,3,25,37
111000082,2022-04-06,9,33,2,29,3
111000081,2022-04-05,39,7,31,37,9
111000080,2022-04-04,32,4,37,29,17
111000079,2022-04-02,3,23,26,13,32
111000078,2022-04-01,5,17,25,7,37
111000077,2022-03-31,19,8,17,12,5
111000076,2022-03-30,28,34,1,21,29
111000075,2022-03-29,27,16,3,26,36
111000074,2022-03-28,17,25,6,21,29
111000073,2022-03-26,22,39,12,33,3
111000072,2022-03-25,14,13,18,8,12
111000071,2022-03-24,31,19,12,1,13
111000070,2022-03-23,30,27,13,20,12
111000069,2022-03-22,29,34,27,9,35
111000068,2022-03-21,3,21,24,7,6
111000067,2022-03-19,26,35,2,10,25
111000066,2022-03-18,3,23,29,14,30
111000065,2022-03-17,18,34,37,19,26
111000064,2022-03-16,10,35,18,19,33
111000063,2022-03-15,4,7,38,2,30
111000062,2022-03-14,19,23,10,16,17
111000061,2022-03-12,14,10,17,20,7
111000060,2022-03-11,20,29,6,4,11
111000059,2022-03-10,14,33,19,12,34
111000058,2022-03-09,28,21,5,24,1
111000057,2022-03-08,9,11,10,35,25
111000056,2022-03-07,24,32,11,10,38
111000055,2022-03-05,10,34,12,18,30
111000054,2022-03-04,26,3,13,16,14
111000053,2022-03-03,27,5,16,11,24
111000052,2022-03-02,21,16,23,6,15
111000051,2022-03-01,15,10,17,28,32
111000050,2022-02-28,18,34,7,37,17
111000049,2022-02-26,24,35,17,34,13
111000048,2022-02-25,5,17,22,39,35
111000047,2022-02-24,28,33,11,10,30
111000046,2022-02-23,38,16,28,2,11
111000045,2022-02-22,13,8,37,25,23
111000044,2022-02-21,15,1,22,6,36
111000043,2022-02-19,31,34,27,23,35
111000042,2022-02-18,3,15,26,8,17
111000041,2022-02-17,7,37,15,32,4
111000040,2022-02-16,22,16,23,30,5
111000039,2022-02-15,15,33,5,29,9
111000038,2022-02-14,21,9,14,28,34
111000037,2022-02-12,21,7,11,22,4
111000036,2022-02-11,38,14,39,35,29
111000035,2022-02-10,38,14,37,35,12
111000034,2022-02-09,18,17,11,38,2
111000033,2022-02-08,8,11,23,19,34
111000032,2022-02-07,10,38,20,31,34
111000031,2022-02-05,12,34,19,1,2
111000030,2022-02-04,23,19,39,15,6
111000029,2022-02-03,35,12,9,25,39
111000028,2022-02-02,19,14,22,25,15
111000027,2022-02-01,17,38,39,22,20
111000026,2022-01-31,33,5,16,17,38
111000025,2022-01-29,12,23,38,18,8
111000024,2022-01-28,1,30,31,20,16
111000023,2022-01-27,24,3,9,35,34
111000022,2022-01-26,12,30,29,22,36
111000021,2022-01-25,19,8,37,24,20
111000020,2022-01-24,5,11,30,24,38
111000019,2022-01-22,6,27,32,38,29
111000018,2022-01-21,18,35,13,17,39
111000017,2022-01-20,3,33,38,35,31
111000016,2022-01-19,15,26,9,38,17
111000015,2022-01-18,1,26,16,19,38
111000014,2022-01-17,36,24,22,33,1
111000013,2022-01-15,33,27,21,14,32
111000012,2022-01-14,6,17,8,4,9
111000011,2022-01-13,5,26,39,28,1
111000010,2022-01-12,7,13,16,28,3
111000009,2022-01-11,2,20,11,36,17
111000008,2022-01-10,37,9,3,14,10
111000007,2022-01-08,2,4,18,39,30
111000006,2022-01-07,39,26,13,12,25
111000005,2022-01-06,35,22,1,39,16
111000004,2022-01-05,18,38,6,15,27
111000003,2022-01-04,5,27,11,2,30
111000002,2022-01-03,7,9,3,38,36
111000001,2022-01-01,7,6,23,36,4

